{"model_a_logreg": {"x": [0.001569098790021029, 0.06318496236664858, 0.06380618945296435, 0.1608677126228278, 0.1611591128220672, 0.18277978611998077, 0.18285227569332294, 0.192918121962269, 0.19298336392767038, 0.21055855560024156, 0.210560156282372, 0.3287998314965244, 0.329075222958196, 0.3313158868225035, 0.3316393558022104, 0.36897860465026, 0.36914238932155513, 0.4041119837962671, 0.4041890632745224, 0.4656577879701832, 0.46579819355231117, 0.48295383207095083, 0.48306606311742295, 0.4923910433010809, 0.492430141035032, 0.5139578122312343, 0.5141179203577729, 0.5237944183515197, 0.5238796440804692, 0.6105007385633808, 0.6106079674050442, 0.7613348212510592, 0.7613795705851284, 0.7670509033416002, 0.7675514115377432, 0.7730313040292403, 0.7731894467871326, 0.8489542197173479, 0.8502381266988918, 0.8527223768199896, 0.8529901761321764, 0.8910578152429124, 0.8919267736564435, 0.9310233033973587, 0.9318006345924392, 0.9776398334196517, 0.9782930322620492, 0.9915344594408776], "y": [0.0, 0.0, 0.004555808656036446, 0.004555808656036446, 0.014285714285714285, 0.014285714285714285, 0.020618556701030927, 0.020618556701030927, 0.03125, 0.03125, 0.0368763557483731, 0.0368763557483731, 0.041666666666666664, 0.041666666666666664, 0.05, 0.05, 0.05714285714285714, 0.05714285714285714, 0.0673854447439353, 0.0673854447439353, 0.06818181818181818, 0.06818181818181818, 0.08333333333333333, 0.08333333333333333, 0.10476190476190476, 0.10476190476190476, 0.11428571428571428, 0.11428571428571428, 0.1348973607038123, 0.1348973607038123, 0.19201995012468828, 0.19201995012468828, 0.2, 0.2, 0.2857142857142857, 0.2857142857142857, 0.3248407643312102, 0.3248407643312102, 0.3333333333333333, 0.3333333333333333, 0.3404255319148936, 0.3404255319148936, 0.37209302325581395, 0.37209302325581395, 0.8095238095238095, 0.8095238095238095, 1.0, 1.0]}, "model_b_logreg": {"x": [0.0018028803687738502, 0.0733251316817089, 0.0737542740434707, 0.1328049016324561, 0.13324536013044874, 0.23174637822317845, 0.23176645227904663, 0.2796728672521143, 0.2799539933066471, 0.3098716436704701, 0.30998235433179433, 0.36844384314127865, 0.3684934191837534, 0.38538845613711514, 0.385464683744821, 0.3885449550361448, 0.38865371772696977, 0.41272979122486136, 0.4127435651981401, 0.49322426473857706, 0.4939022372900022, 0.5364546987740116, 0.536499235709453, 0.5408771549400826, 0.5431367903117816, 0.547539239019189, 0.5476571324272342, 0.5758657338318887, 0.5760235163751894, 0.6789884408384455, 0.6793946644949592, 0.7715438365913302, 0.7719946614518599, 0.8235822306930716, 0.8236108707408237, 0.8250223738519966, 0.8251106592058624, 0.8389678477816234, 0.8389693672113955, 0.8896269712075792, 0.8896757902987174, 0.9297215662744492, 0.9303110375340198, 0.9387605865863198, 0.9393299407970989, 0.9411258395663452, 0.9425649208142214, 0.981007507977956, 0.984558507106273], "y": [0.0, 0.0, 0.013201320132013201, 0.013201320132013201, 0.016930022573363433, 0.016930022573363433, 0.024390243902439025, 0.024390243902439025, 0.04032258064516129, 0.04032258064516129, 0.04896907216494845, 0.04896907216494845, 0.05128205128205128, 0.05128205128205128, 0.05555555555555555, 0.05555555555555555, 0.07627118644067797, 0.07627118644067797, 0.08187134502923976, 0.08187134502923976, 0.08904109589041095, 0.08904109589041095, 0.1, 0.1, 0.10526315789473684, 0.10526315789473684, 0.15789473684210525, 0.15789473684210525, 0.1906474820143885, 0.1906474820143885, 0.20574162679425836, 0.20574162679425836, 0.24603174603174602, 0.24603174603174602, 0.25, 0.25, 0.4, 0.4, 0.41025641025641024, 0.41025641025641024, 0.45588235294117646, 0.45588235294117646, 0.6153846153846154, 0.6153846153846154, 0.75, 0.75, 0.7878787878787878, 0.7878787878787878, 1.0]}}