{
 "model_a": {
  "intercept": -1.8890424360034415,
  "features": [
   "minute",
   "under_pressure",
   "first_time",
   "body_part_clean_Head",
   "body_part_clean_Other",
   "shot_type_clean_Set Piece",
   "play_pattern_From Counter",
   "play_pattern_From Free Kick",
   "play_pattern_From Goal Kick",
   "play_pattern_From Keeper",
   "play_pattern_From Kick Off",
   "play_pattern_From Throw In",
   "play_pattern_Other",
   "play_pattern_Regular Play",
   "game_state_level",
   "game_state_trailing",
   "technique_Diving Header",
   "technique_Half Volley",
   "technique_Lob",
   "technique_Normal",
   "technique_Overhead Kick",
   "technique_Volley",
   "distance_to_goal_log",
   "shot_angle_deg_log"
  ],
  "coefficients": [
   -0.00046227065646269776,
   -0.525112158499869,
   0.06433576687057484,
   -1.3111308987965866,
   -1.9733245929461025,
   -0.32919673662450416,
   0.6886258638970562,
   0.6129423361971154,
   0.4821266111396067,
   0.950209362529167,
   0.550154127104008,
   0.6311813142850744,
   0.3270414022320422,
   0.6544009513413135,
   -0.33303007083956004,
   -0.42104362423088254,
   1.3826020665401118,
   0.08048497677879915,
   2.268028775218589,
   0.7550058866822419,
   -0.6026430153475203,
   -0.07225426939696353,
   -1.3030737199216944,
   1.4831154884598192
  ]
 },
 "model_b": {
  "intercept": -5.112569624017262,
  "features": [
   "minute",
   "under_pressure",
   "first_time",
   "body_part_clean_Head",
   "body_part_clean_Other",
   "shot_type_clean_Set Piece",
   "play_pattern_From Counter",
   "play_pattern_From Free Kick",
   "play_pattern_From Goal Kick",
   "play_pattern_From Keeper",
   "play_pattern_From Kick Off",
   "play_pattern_From Throw In",
   "play_pattern_Other",
   "play_pattern_Regular Play",
   "game_state_level",
   "game_state_trailing",
   "technique_Diving Header",
   "technique_Half Volley",
   "technique_Lob",
   "technique_Normal",
   "technique_Overhead Kick",
   "technique_Volley",
   "n_defenders_in_cone",
   "n_teammates_in_cone",
   "n_opponents_close",
   "open_goal_angle_ratio",
   "nearest_defender_to_shot_line",
   "pressure_score",
   "goalkeeper_anomaly",
   "distance_to_goal_log",
   "shot_angle_deg_log"
  ],
  "coefficients": [
   -0.000556270260713118,
   -0.25910952259703673,
   -0.09565554191039254,
   -1.0539088705269886,
   -1.4961459881162145,
   -0.008125526146598939,
   0.15883068998865812,
   0.3263571753184419,
   0.08916536201761671,
   0.5246805154075047,
   0.04358727155290359,
   0.24538083807212818,
   0.01777427733175867,
   0.2759677086483209,
   -0.2588058431116442,
   -0.32083264286115654,
   0.8178078670952669,
   -0.030977333694283675,
   0.6160860622355983,
   0.5343932163964047,
   -0.30042983350994246,
   -0.20176324940298832,
   -0.05065834017606937,
   0.08785020262295254,
   0.06968009899487185,
   1.0115600208207574,
   0.003162721718927556,
   -0.5692448334875234,
   -0.09600492639200685,
   -0.652527287827061,
   1.9631963493749007
  ]
 },
 "goalkeeper_anomaly_regression": {
  "a": 0.9694011019712422,
  "b": -2.416482713725561
 }
}